date,open,high,low,close,adj_close,volume
2020-01-02,60.2400016784668,60.970001220703125,60.220001220703125,60.84000015258789,56.40625,18056000.0
2020-01-03,59.810001373291016,60.70000076293945,59.810001373291016,60.099998474121094,55.72017288208008,15293900.0
2020-01-06,59.59000015258789,60.20000076293945,59.33000183105469,59.93000030517578,55.562557220458984,17755200.0
2020-01-07,59.779998779296875,59.79999923706055,58.88999938964844,58.93000030517578,54.635440826416016,21876100.0
2020-01-08,58.88999938964844,59.31999969482422,58.52000045776367,58.970001220703125,54.67251968383789,23133500.0
2020-01-09,59.04999923706055,59.5099983215332,58.83000183105469,59.29999923706055,54.97847366333008,18813300.0
2020-01-10,59.56999969482422,60.08000183105469,58.869998931884766,58.939998626708984,54.64470672607422,15200600.0
2020-01-13,59.16999816894531,59.779998779296875,59.08000183105469,59.59000015258789,55.247337341308594,16453300.0
2020-01-14,59.4900016784668,59.7400016784668,59.189998626708984,59.43000030517578,55.0989990234375,17051200.0
2020-01-15,59.29999923706055,59.650001525878906,58.75,58.939998626708984,54.64470672607422,18498800.0
2020-01-16,59.2599983215332,59.84000015258789,59.06999969482422,59.65999984741211,55.31223678588867,21365500.0
2020-01-17,59.97999954223633,60.0,59.2400016784668,59.599998474121094,55.25661087036133,21803400.0
2020-01-21,59.810001373291016,61.25,59.790000915527344,60.54999923706055,56.13737487792969,28358500.0
2020-01-22,61.040000915527344,62.849998474121094,60.970001220703125,62.72999954223633,58.158512115478516,29475100.0
2020-01-23,62.86000061035156,63.709999084472656,62.810001373291016,63.31999969482422,58.70552062988281,42778700.0
2020-01-24,66.56999969482422,69.29000091552734,66.45999908447266,68.47000122070312,63.4802131652832,84711000.0
2020-01-27,66.72000122070312,67.41999816894531,65.5999984741211,65.69000244140625,60.90281295776367,30764000.0
2020-01-28,66.5,67.58000183105469,65.94000244140625,67.30999755859375,62.40474319458008,30915400.0
2020-01-29,67.62999725341797,68.05999755859375,66.16999816894531,66.33000183105469,61.496158599853516,18055800.0
2020-01-30,65.63999938964844,66.5,64.93000030517578,66.47000122070312,61.62596893310547,18522400.0
2020-01-31,65.80000305175781,65.9800033569336,63.66999816894531,63.93000030517578,59.27106475830078,25268400.0
2020-02-03,64.45999908447266,65.04000091552734,64.30000305175781,64.41999816894531,59.7253532409668,16646600.0
2020-02-04,65.7699966430664,66.05999755859375,64.91999816894531,65.45999908447266,60.689552307128906,20970800.0
2020-02-05,66.69000244140625,67.5999984741211,66.12999725341797,67.33999633789062,62.432552337646484,23401400.0
2020-02-06,67.30000305175781,67.4000015258789,66.7699966430664,67.08999633789062,62.5070915222168,17408000.0
2020-02-07,66.86000061035156,67.30000305175781,66.01000213623047,66.0199966430664,61.51018142700195,18134600.0
2020-02-10,65.55999755859375,66.4000015258789,65.44000244140625,66.38999938964844,61.854896545410156,22299300.0
2020-02-11,66.83000183105469,67.70999908447266,66.56999969482422,67.41000366210938,62.805233001708984,17975600.0
2020-02-12,67.5999984741211,68.08999633789062,67.30999755859375,67.45999908447266,62.85182571411133,15586600.0
2020-02-13,66.98999786376953,67.6500015258789,66.73999786376953,67.44000244140625,62.83317565917969,11602700.0
2020-02-14,67.5199966430664,67.86000061035156,66.81999969482422,67.2699966430664,62.6747932434082,13405500.0
2020-02-18,66.66000366210938,66.69000244140625,65.87999725341797,66.13999938964844,61.62198257446289,12758400.0
2020-02-19,66.38999938964844,67.19999694824219,66.18000030517578,67.11000061035156,62.525718688964844,13551200.0
2020-02-20,67.04000091552734,67.29000091552734,64.55999755859375,65.44999694824219,60.979122161865234,26452600.0
2020-02-21,65.18000030517578,65.25,64.04000091552734,64.33999633789062,59.944942474365234,20775900.0
2020-02-24,61.61000061035156,62.77000045776367,61.31999969482422,61.7599983215332,57.54117965698242,26903100.0
2020-02-25,61.9900016784668,62.279998779296875,59.459999084472656,59.72999954223633,55.64984893798828,34495700.0
2020-02-26,60.11000061035156,60.81999969482422,59.27000045776367,59.650001525878906,55.5753173828125,26190100.0
2020-02-27,57.93000030517578,58.5099983215332,55.79999923706055,55.83000183105469,52.016258239746094,42226900.0
2020-02-28,54.29999923706055,56.380001068115234,53.599998474121094,55.52000045776367,51.72743225097656,60721700.0
2020-03-02,55.790000915527344,58.220001220703125,54.52000045776367,58.18000030517578,54.20573425292969,43140300.0
2020-03-03,58.029998779296875,59.02000045776367,55.400001525878906,55.970001220703125,52.14669418334961,49740300.0
2020-03-04,57.0099983215332,58.709999084472656,56.15999984741211,58.68000030517578,54.67158126831055,29223100.0
2020-03-05,57.060001373291016,58.65999984741211,56.61000061035156,56.959999084472656,53.069061279296875,29099200.0
2020-03-06,55.18000030517578,56.0099983215332,54.540000915527344,55.77000045776367,51.96035385131836,36259200.0
2020-03-09,51.91999816894531,52.709999084472656,50.0,50.849998474121094,47.37643814086914,56197000.0
2020-03-10,52.7599983215332,54.0,50.43000030517578,53.97999954223633,50.29262924194336,36569000.0
2020-03-11,52.38999938964844,53.540000915527344,51.0099983215332,51.65999984741211,48.131107330322266,38563500.0
2020-03-12,47.9900016784668,50.09000015258789,45.369998931884766,45.540000915527344,42.42917251586914,50661700.0
2020-03-13,48.2599983215332,55.0,47.7400016784668,54.43000030517578,50.711891174316406,48805100.0
2020-03-16,47.5099983215332,52.25,43.630001068115234,44.61000061035156,41.56269454956055,53878900.0
2020-03-17,45.7599983215332,51.630001068115234,45.20000076293945,50.08000183105469,46.65904235839844,52085200.0
2020-03-18,46.709999084472656,50.04999923706055,45.20000076293945,47.61000061035156,44.357765197753906,49309900.0
2020-03-19,47.84000015258789,49.22999954223633,45.15999984741211,45.939998626708984,42.801841735839844,44538000.0
2020-03-20,46.5099983215332,49.41999816894531,45.470001220703125,45.83000183105469,42.69935989379883,52344000.0
2020-03-23,46.02000045776367,50.4900016784668,45.90999984741211,49.58000183105469,46.193199157714844,46698500.0
2020-03-24,53.13999938964844,54.63999938964844,51.349998474121094,52.400001525878906,48.820560455322266,50019800.0
2020-03-25,52.47999954223633,53.790000915527344,49.90999984741211,51.2599983215332,47.75843811035156,41106100.0
2020-03-26,51.7400016784668,55.95000076293945,51.65999984741211,55.540000915527344,51.746070861816406,41459800.0
2020-03-27,53.41999816894531,54.63999938964844,52.06999969482422,52.369998931884766,48.7926139831543,31633500.0
2020-03-30,52.9900016784668,56.099998474121094,52.83000183105469,55.4900016784668,51.699485778808594,31628600.0
2020-03-31,55.060001373291016,55.79999923706055,53.220001220703125,54.119998931884766,50.42306137084961,48074700.0
2020-04-01,52.5,54.689998626708984,51.43000030517578,51.880001068115234,48.336082458496094,29586600.0
2020-04-02,51.290000915527344,54.560001373291016,51.220001220703125,54.349998474121094,50.637359619140625,27810000.0
2020-04-03,53.849998474121094,55.130001068115234,52.72999954223633,54.130001068115234,50.4323844909668,23906100.0
2020-04-06,56.630001068115234,58.77000045776367,56.119998931884766,58.43000030517578,54.43865203857422,32323400.0
2020-04-07,59.939998626708984,61.4900016784668,58.209999084472656,58.400001525878906,54.41069793701172,41410000.0
2020-04-08,58.9900016784668,59.5099983215332,57.90999984741211,58.97999954223633,54.95108413696289,26719500.0
2020-04-09,59.36000061035156,59.720001220703125,56.060001373291016,57.13999938964844,53.23677062988281,40499700.0
2020-04-13,56.56999969482422,58.77000045776367,56.56999969482422,58.70000076293945,54.690208435058594,23251900.0
2020-04-14,60.040000915527344,60.900001525878906,59.5099983215332,60.65999984741211,56.51632308959961,25674000.0
2020-04-15,59.7400016784668,59.83000183105469,58.38999938964844,58.869998931884766,54.848602294921875,22841600.0
2020-04-16,59.61000061035156,60.959999084472656,58.810001373291016,60.790000915527344,56.637447357177734,24433500.0
2020-04-17,62.02000045776367,62.130001068115234,59.83000183105469,60.36000061035156,56.23681640625,27385600.0
2020-04-20,59.279998779296875,60.040000915527344,58.88999938964844,59.18000030517578,55.137420654296875,26420300.0
2020-04-21,58.11000061035156,58.599998474121094,55.93000030517578,56.36000061035156,52.51005935668945,25248000.0
2020-04-22,58.27000045776367,60.5,57.810001373291016,60.099998474121094,55.99457550048828,23350400.0
2020-04-23,59.66999816894531,60.099998474121094,58.810001373291016,59.040000915527344,55.00698471069336,35092000.0
2020-04-24,56.20000076293945,59.400001525878906,56.099998474121094,59.2599983215332,55.211952209472656,50187000.0
2020-04-27,59.720001220703125,59.83000183105469,58.38999938964844,59.470001220703125,55.407615661621094,25902200.0
2020-04-28,59.9900016784668,60.220001220703125,58.2599983215332,58.75,54.73680114746094,28784700.0
2020-04-29,59.439998626708984,62.029998779296875,59.31999969482422,61.79999923706055,57.57844924926758,30451500.0
2020-04-30,61.369998931884766,61.540000915527344,59.75,59.97999954223633,55.882774353027344,26279900.0
2020-05-01,58.83000183105469,59.31999969482422,57.310001373291016,57.470001220703125,53.54423141479492,21194800.0
2020-05-04,57.119998931884766,58.06999969482422,56.310001373291016,57.9900016784668,54.02871322631836,18957200.0
2020-05-05,58.790000915527344,59.29999923706055,58.349998474121094,58.75,54.73680114746094,17252100.0
2020-05-06,59.040000915527344,59.95000076293945,58.939998626708984,59.18000030517578,55.44887924194336,17848700.0
2020-05-07,59.93000030517578,60.099998474121094,58.91999816894531,59.16999816894531,55.43951416015625,14733500.0
2020-05-08,59.66999816894531,59.779998779296875,59.04999923706055,59.66999816894531,55.907981872558594,20384500.0
2020-05-11,59.7400016784668,60.84000015258789,59.709999084472656,60.130001068115234,56.3389892578125,18684400.0
2020-05-12,60.220001220703125,60.63999938964844,58.2599983215332,58.38999938964844,54.70868682861328,16754900.0
2020-05-13,58.45000076293945,59.22999954223633,56.900001525878906,57.7400016784668,54.099666595458984,21065000.0
2020-05-14,57.31999969482422,59.150001525878906,56.099998474121094,59.08000183105469,55.355186462402344,21569400.0
2020-05-15,57.400001525878906,58.369998931884766,56.959999084472656,58.279998779296875,54.60561752319336,21373300.0
2020-05-18,59.7400016784668,60.279998779296875,59.36000061035156,59.91999816894531,56.14221954345703,20428700.0
2020-05-19,60.130001068115234,61.77000045776367,59.849998474121094,60.290000915527344,56.488895416259766,21865000.0
2020-05-20,61.15999984741211,63.4900016784668,61.02000045776367,63.099998474121094,59.12173080444336,30584000.0
2020-05-21,63.099998474121094,63.79999923706055,61.81999969482422,61.97999954223633,58.07235336303711,20987700.0
2020-05-22,61.97999954223633,62.31999969482422,61.41999816894531,62.2599983215332,58.334693908691406,14103000.0
2020-05-26,63.68000030517578,64.13999938964844,62.119998931884766,62.34000015258789,58.40964889526367,20933600.0
2020-05-27,62.31999969482422,63.59000015258789,61.06999969482422,63.560001373291016,59.552734375,19886300.0
2020-05-28,63.0,63.45000076293945,61.4900016784668,61.70000076293945,57.81000900268555,17253500.0
2020-05-29,61.900001525878906,63.65999984741211,61.619998931884766,62.93000030517578,58.96245574951172,33393900.0
2020-06-01,62.4900016784668,62.65999984741211,61.65999984741211,61.86000061035156,57.95991516113281,14317700.0
2020-06-02,61.70000076293945,62.16999816894531,60.83000183105469,62.119998931884766,58.20351791381836,20702400.0
2020-06-03,62.45000076293945,62.540000915527344,61.529998779296875,61.93000030517578,58.0255012512207,16737300.0
2020-06-04,61.7400016784668,63.470001220703125,61.34000015258789,62.970001220703125,58.99993133544922,22010100.0
2020-06-05,63.36000061035156,65.11000061035156,63.15999984741211,64.33999633789062,60.28355407714844,26813100.0
2020-06-08,63.970001220703125,64.1500015258789,62.939998626708984,63.66999816894531,59.655792236328125,21546200.0
2020-06-09,62.9900016784668,63.709999084472656,62.900001525878906,63.040000915527344,59.06551742553711,23594100.0
2020-06-10,62.790000915527344,64.29000091552734,62.75,63.869998931884766,59.84318923950195,21367800.0
2020-06-11,63.06999969482422,63.29999923706055,59.52000045776367,59.70000076293945,55.93609619140625,26998200.0
2020-06-12,60.11000061035156,60.959999084472656,58.119998931884766,59.33000183105469,55.58942413330078,30419800.0
2020-06-15,59.33000183105469,60.36000061035156,58.58000183105469,60.099998474121094,56.31087112426758,29651700.0
2020-06-16,61.4900016784668,61.650001525878906,59.4900016784668,60.400001525878906,56.59196090698242,23226600.0
2020-06-17,60.7400016784668,61.279998779296875,60.060001373291016,60.4900016784668,56.676292419433594,20454800.0
2020-06-18,60.349998474121094,60.5099983215332,59.31999969482422,60.08000183105469,56.292137145996094,24899700.0
2020-06-19,60.650001525878906,60.88999938964844,59.099998474121094,59.619998931884766,55.86113357543945,60336100.0
2020-06-22,59.72999954223633,60.54999923706055,58.83000183105469,60.09000015258789,56.3015022277832,22846000.0
2020-06-23,60.189998626708984,60.470001220703125,59.86000061035156,59.91999816894531,56.14221954345703,22809600.0
2020-06-24,59.63999938964844,59.810001373291016,58.66999816894531,59.09000015258789,55.36455154418945,27764500.0
2020-06-25,58.97999954223633,59.09000015258789,57.47999954223633,58.5099983215332,54.82111358642578,21906900.0
2020-06-26,58.4900016784668,58.72999954223633,57.06999969482422,57.5,53.874794006347656,38477500.0
2020-06-29,57.470001220703125,58.349998474121094,56.7599983215332,58.27000045776367,54.59625244140625,22150300.0
2020-06-30,58.709999084472656,59.97999954223633,58.540000915527344,59.83000183105469,56.05790710449219,31542100.0
2020-07-01,59.90999984741211,60.029998779296875,58.7599983215332,58.810001373291016,55.102210998535156,14748100.0
2020-07-02,59.189998626708984,59.810001373291016,58.970001220703125,59.130001068115234,55.40202713012695,15578600.0
2020-07-06,58.720001220703125,59.619998931884766,58.599998474121094,59.540000915527344,55.78618621826172,20536700.0
2020-07-07,59.06999969482422,59.56999969482422,58.13999938964844,58.310001373291016,54.63372802734375,15996500.0
2020-07-08,58.45000076293945,58.70000076293945,57.93000030517578,58.61000061035156,54.914817810058594,13277900.0
2020-07-09,58.20000076293945,58.75,57.70000076293945,58.41999816894531,54.736793518066406,20683700.0
2020-07-10,57.95000076293945,59.689998626708984,57.83000183105469,59.529998779296875,55.77680969238281,17742300.0
2020-07-13,59.84000015258789,60.619998931884766,58.38999938964844,58.58000183105469,54.8867073059082,19082900.0
2020-07-14,57.869998931884766,59.25,57.349998474121094,58.97999954223633,55.26148223876953,24190900.0
2020-07-15,59.029998779296875,59.34000015258789,58.41999816894531,59.029998779296875,55.30834197998047,19986300.0
2020-07-16,58.540000915527344,59.36000061035156,58.400001525878906,59.13999938964844,55.411399841308594,12425900.0
2020-07-17,59.41999816894531,60.459999084472656,59.279998779296875,60.0,56.2171745300293,16322800.0
2020-07-20,60.08000183105469,61.380001068115234,59.34000015258789,61.150001525878906,57.294681549072266,16868700.0
2020-07-21,61.52000045776367,61.93000030517578,60.439998626708984,60.70000076293945,56.873043060302734,19803700.0
2020-07-22,61.310001373291016,61.77000045776367,60.619998931884766,61.04999923706055,57.20098114013672,18959900.0
2020-07-23,61.2599983215332,61.7400016784668,59.97999954223633,60.400001525878906,56.59196090698242,43518600.0
2020-07-24,52.150001525878906,52.18000030517578,49.5,50.59000015258789,47.400455474853516,182269900.0
2020-07-27,51.029998779296875,51.13999938964844,49.470001220703125,49.56999969482422,46.44476318359375,107526500.0
2020-07-28,49.47999954223633,50.22999954223633,49.13999938964844,49.2400016784668,46.135562896728516,62362600.0
2020-07-29,49.4900016784668,49.5,47.900001525878906,48.06999969482422,45.039337158203125,60500800.0
2020-07-30,47.83000183105469,48.5,47.59000015258789,47.9900016784668,44.96437454223633,39735200.0
2020-07-31,48.130001068115234,48.31999969482422,46.970001220703125,47.72999954223633,44.72076416015625,46536000.0
2020-08-03,48.27000045776367,48.630001068115234,47.7400016784668,48.29999923706055,45.254825592041016,31767100.0
2020-08-04,48.599998474121094,49.13999938964844,48.5,49.130001068115234,46.03249740600586,29045800.0
2020-08-05,49.720001220703125,49.720001220703125,48.65999984741211,48.91999816894531,45.83573532104492,29438600.0
2020-08-06,48.790000915527344,48.81999969482422,48.099998474121094,48.56999969482422,45.81686782836914,23795500.0
2020-08-07,48.529998779296875,48.650001525878906,47.70000076293945,48.029998779296875,45.3074836730957,36765200.0
2020-08-10,48.20000076293945,49.38999938964844,48.060001373291016,49.220001220703125,46.430023193359375,37442600.0
2020-08-11,49.630001068115234,49.72999954223633,48.060001373291016,48.189998626708984,45.458412170410156,35348100.0
2020-08-12,48.66999816894531,49.2599983215332,48.2400016784668,49.189998626708984,46.40172576904297,30659800.0
2020-08-13,49.2599983215332,49.33000183105469,48.38999938964844,48.560001373291016,45.80744171142578,24774500.0
2020-08-14,48.72999954223633,49.209999084472656,48.650001525878906,48.88999938964844,46.11874008178711,22321200.0
2020-08-17,49.11000061035156,49.310001373291016,48.72999954223633,48.93000030517578,46.156471252441406,20018300.0
2020-08-18,49.2599983215332,49.56999969482422,48.619998931884766,48.650001525878906,45.892337799072266,19251400.0
2020-08-19,48.790000915527344,48.97999954223633,48.25,48.33000183105469,45.590476989746094,27775000.0
2020-08-20,49.810001373291016,50.20000076293945,49.0,49.16999816894531,46.38286590576172,55081300.0
2020-08-21,49.02000045776367,49.310001373291016,48.650001525878906,49.279998779296875,46.48662185668945,34621500.0
2020-08-24,49.2599983215332,49.400001525878906,48.81999969482422,49.13999938964844,46.35456466674805,36295300.0
2020-08-25,49.349998474121094,49.880001068115234,49.209999084472656,49.43000030517578,46.62812805175781,38384300.0
2020-08-26,49.38999938964844,49.66999816894531,49.22999954223633,49.54999923706055,46.74132537841797,28616600.0
2020-08-27,49.790000915527344,49.93000030517578,49.16999816894531,49.400001525878906,46.59981918334961,24420600.0
2020-08-28,49.56999969482422,50.79999923706055,49.459999084472656,50.43000030517578,47.571449279785156,35384700.0
2020-08-31,51.0,51.5,50.31999969482422,50.95000076293945,48.06196594238281,46114100.0
2020-09-01,50.90999984741211,51.0,50.220001220703125,50.790000915527344,47.91103744506836,30472800.0
2020-09-02,51.209999084472656,52.68000030517578,51.09000015258789,52.25,49.28827667236328,53000700.0
2020-09-03,52.5,52.619998931884766,50.13999938964844,50.38999938964844,47.53370666503906,47394300.0
2020-09-04,50.529998779296875,51.22999954223633,49.4900016784668,50.08000183105469,47.24128723144531,43318400.0
2020-09-08,49.2599983215332,49.900001525878906,48.849998474121094,48.90999984741211,46.137603759765625,39752700.0
2020-09-09,49.529998779296875,49.970001220703125,49.040000915527344,49.619998931884766,46.80735778808594,33437300.0
2020-09-10,50.0,50.09000015258789,48.709999084472656,48.959999084472656,46.18476486206055,32649100.0
2020-09-11,49.2599983215332,50.04999923706055,48.95000076293945,49.279998779296875,46.48662185668945,29333600.0
2020-09-14,48.849998474121094,49.720001220703125,48.849998474121094,49.40999984741211,46.60926055908203,27212500.0
2020-09-15,49.790000915527344,50.599998474121094,49.72999954223633,50.0,47.16581344604492,27598300.0
2020-09-16,50.5099983215332,51.029998779296875,50.16999816894531,50.369998931884766,47.51485061645508,26531400.0
2020-09-17,49.369998931884766,50.4900016784668,49.29999923706055,50.31999969482422,47.467674255371094,26959900.0
2020-09-18,50.33000183105469,50.5,49.040000915527344,49.88999938964844,47.062049865722656,50123500.0
2020-09-21,49.38999938964844,49.75,48.83000183105469,49.720001220703125,46.90169143676758,27377100.0
2020-09-22,49.88999938964844,50.209999084472656,49.470001220703125,49.95000076293945,47.11865234375,22290900.0
2020-09-23,49.83000183105469,50.150001525878906,48.65999984741211,48.81999969482422,46.05270767211914,30078800.0
2020-09-24,48.529998779296875,49.63999938964844,48.41999816894531,49.15999984741211,46.37343215942383,29343400.0
2020-09-25,48.959999084472656,50.279998779296875,48.75,49.939998626708984,47.10921859741211,26633400.0
2020-09-28,50.5099983215332,51.459999084472656,50.15999984741211,51.43000030517578,48.5147590637207,29652200.0
2020-09-29,51.310001373291016,51.7400016784668,50.95000076293945,51.189998626708984,48.28836441040039,19558200.0
2020-09-30,51.2400016784668,52.380001068115234,51.150001525878906,51.779998779296875,48.84490966796875,27711300.0
2020-10-01,52.400001525878906,52.720001220703125,51.9900016784668,52.2400016784668,49.27885437011719,22127600.0
2020-10-02,51.5,51.97999954223633,50.9900016784668,51.0099983215332,48.118560791015625,25811800.0
2020-10-05,51.29999923706055,51.810001373291016,51.27000045776367,51.689998626708984,48.76001739501953,20883200.0
2020-10-06,51.709999084472656,52.70000076293945,51.22999954223633,51.369998931884766,48.45815658569336,25642800.0
2020-10-07,51.849998474121094,52.900001525878906,51.790000915527344,52.66999816894531,49.684471130371094,21978700.0
2020-10-08,52.90999984741211,53.58000183105469,52.66999816894531,53.369998931884766,50.34478759765625,22369500.0
2020-10-09,53.54999923706055,53.849998474121094,52.66999816894531,52.81999969482422,49.825965881347656,24343900.0
2020-10-12,53.54999923706055,54.20000076293945,53.209999084472656,53.880001068115234,50.82588577270508,27303500.0
2020-10-13,54.27000045776367,54.290000915527344,53.619998931884766,53.83000183105469,50.77872085571289,20005800.0
2020-10-14,54.0099983215332,54.400001525878906,53.5099983215332,53.54999923706055,50.514591217041016,21874200.0
2020-10-15,52.75,53.97999954223633,52.619998931884766,53.849998474121094,50.797584533691406,18272900.0
2020-10-16,53.900001525878906,54.70000076293945,53.900001525878906,54.15999984741211,51.09001541137695,23414400.0
2020-10-19,54.470001220703125,56.22999954223633,53.84000015258789,54.58000183105469,51.486202239990234,43537200.0
2020-10-20,54.599998474121094,54.70000076293945,53.27000045776367,53.43000030517578,50.401390075683594,27224900.0
2020-10-21,53.13999938964844,54.06999969482422,52.81999969482422,53.5,50.46742630004883,21866000.0
2020-10-22,53.119998931884766,54.220001220703125,53.06999969482422,53.900001525878906,50.844749450683594,41522700.0
2020-10-23,48.349998474121094,48.66999816894531,47.65999984741211,48.20000076293945,45.46784591674805,97322500.0
2020-10-26,47.849998474121094,47.86000061035156,46.25,46.720001220703125,44.07173538208008,54161300.0
2020-10-27,45.97999954223633,46.40999984741211,45.36000061035156,45.63999938964844,43.05295944213867,50130500.0
2020-10-28,44.88999938964844,45.290000915527344,44.20000076293945,44.25,41.74174880981445,45066000.0
2020-10-29,44.2400016784668,44.470001220703125,43.91999816894531,44.11000061035156,41.609683990478516,36796800.0
2020-10-30,44.099998474121094,44.79999923706055,43.61000061035156,44.279998779296875,41.77004623413086,46781300.0
2020-11-02,44.959999084472656,45.060001373291016,44.2400016784668,44.459999084472656,41.939842224121094,33856700.0
2020-11-03,44.72999954223633,45.459999084472656,44.70000076293945,44.849998474121094,42.307735443115234,34349500.0
2020-11-04,45.11000061035156,46.150001525878906,44.779998779296875,45.70000076293945,43.109561920166016,34748200.0
2020-11-05,46.150001525878906,46.380001068115234,45.529998779296875,45.68000030517578,43.40411376953125,31103200.0
2020-11-06,45.540000915527344,45.79999923706055,44.900001525878906,45.38999938964844,43.12855911254883,36233700.0
2020-11-09,46.63999938964844,47.349998474121094,45.540000915527344,45.599998474121094,43.328094482421875,48481700.0
2020-11-10,45.400001525878906,46.47999954223633,45.25,45.439998626708984,43.17606735229492,39224500.0
2020-11-11,45.900001525878906,46.459999084472656,45.86000061035156,46.349998474121094,44.04072570800781,31496900.0
2020-11-12,46.130001068115234,46.189998626708984,44.54999923706055,44.95000076293945,42.71048355102539,42881300.0
2020-11-13,44.9900016784668,45.58000183105469,44.970001220703125,45.459999084472656,43.195068359375,30884700.0
2020-11-16,46.040000915527344,46.75,45.790000915527344,46.189998626708984,43.88869857788086,36306300.0
2020-11-17,45.75,46.119998931884766,45.40999984741211,45.529998779296875,43.26157760620117,31118000.0
2020-11-18,45.54999923706055,45.689998626708984,45.040000915527344,45.060001373291016,42.81500244140625,32817900.0
2020-11-19,44.91999816894531,45.66999816894531,44.70000076293945,45.619998931884766,43.34709930419922,29469100.0
2020-11-20,45.65999984741211,45.880001068115234,45.33000183105469,45.38999938964844,43.12855911254883,24199300.0
2020-11-23,45.47999954223633,46.209999084472656,45.45000076293945,46.060001373291016,43.765174865722656,35489600.0
2020-11-24,46.290000915527344,47.29999923706055,46.0099983215332,47.0099983215332,44.6678466796875,33901200.0
2020-11-25,47.029998779296875,47.18000030517578,46.56999969482422,47.04999923706055,44.70585250854492,28126900.0
2020-11-27,47.36000061035156,48.099998474121094,47.36000061035156,47.45000076293945,45.0859260559082,15921400.0
2020-11-30,47.41999816894531,48.5,47.27000045776367,48.349998474121094,45.94108200073242,46332700.0
2020-12-01,48.75,50.22999954223633,48.709999084472656,49.560001373291016,47.09080505371094,57768000.0
2020-12-02,49.220001220703125,50.060001373291016,49.18000030517578,49.900001525878906,47.41386413574219,33753500.0
2020-12-03,49.91999816894531,51.11000061035156,49.779998779296875,50.9900016784668,48.449554443359375,50261200.0
2020-12-04,51.060001373291016,52.650001525878906,51.0,51.9900016784668,49.39973449707031,39767700.0
2020-12-07,51.0,51.290000915527344,49.560001373291016,50.20000076293945,47.698909759521484,51040300.0
2020-12-08,49.83000183105469,50.720001220703125,49.810001373291016,50.689998626708984,48.16449737548828,28956500.0
2020-12-09,50.279998779296875,50.84000015258789,49.72999954223633,50.06999969482422,47.57538604736328,34068400.0
2020-12-10,49.65999984741211,50.720001220703125,49.59000015258789,50.2599983215332,47.755924224853516,33706000.0
2020-12-11,50.13999938964844,50.13999938964844,49.119998931884766,49.72999954223633,47.2523307800293,29398800.0
2020-12-14,49.81999969482422,51.34000015258789,49.7400016784668,50.470001220703125,47.95546340942383,33436400.0
2020-12-15,50.97999954223633,51.0099983215332,50.209999084472656,50.66999816894531,48.1454963684082,25465600.0
2020-12-16,50.709999084472656,51.459999084472656,50.68000030517578,51.119998931884766,48.57307434082031,28351000.0
2020-12-17,51.150001525878906,51.31999969482422,50.220001220703125,50.650001525878906,48.12649154663086,26399000.0
2020-12-18,50.56999969482422,50.68000030517578,47.11000061035156,47.459999084472656,45.09542465209961,119298400.0
2020-12-21,46.31999969482422,46.45000076293945,45.2400016784668,46.36000061035156,44.05023193359375,53775700.0
2020-12-22,46.25,46.34000015258789,45.77000045776367,46.16999816894531,43.86968994140625,32171200.0
2020-12-23,46.16999816894531,47.029998779296875,46.06999969482422,46.56999969482422,44.24977111816406,22564200.0
2020-12-24,46.599998474121094,47.09000015258789,46.34000015258789,47.06999969482422,44.72486114501953,11865600.0
2020-12-28,47.189998626708984,47.63999938964844,46.86000061035156,47.06999969482422,44.72486114501953,21269200.0
2020-12-29,47.220001220703125,50.66999816894531,46.4900016784668,49.38999938964844,46.92926025390625,84531400.0
2020-12-30,49.11000061035156,49.189998626708984,48.560001373291016,48.75,46.3211555480957,37385400.0
2020-12-31,48.75,50.189998626708984,48.720001220703125,49.81999969482422,47.33784866333008,28576800.0
2021-01-04,49.88999938964844,51.38999938964844,49.400001525878906,49.66999816894531,47.19532012939453,46102500.0
2021-01-05,49.45000076293945,50.83000183105469,49.33000183105469,50.61000061035156,48.08849334716797,24866600.0
2021-01-06,50.439998626708984,52.150001525878906,50.20000076293945,51.099998474121094,48.554073333740234,36809600.0
2021-01-07,51.4900016784668,52.689998626708984,51.29999923706055,52.189998626708984,49.58976745605469,32092300.0
2021-01-08,52.45000076293945,52.529998779296875,51.27000045776367,51.650001525878906,49.07666778564453,34625400.0
2021-01-11,51.290000915527344,52.2400016784668,51.25,51.540000915527344,48.97215270996094,32925000.0
2021-01-12,51.900001525878906,53.849998474121094,51.560001373291016,53.2400016784668,50.58744812011719,39883900.0
2021-01-13,59.5,60.25,56.900001525878906,56.95000076293945,54.112613677978516,124070700.0
2021-01-14,58.45000076293945,60.13999938964844,57.84000015258789,59.25,56.29801940917969,74680900.0
2021-01-15,58.849998474121094,59.650001525878906,57.5,57.58000183105469,54.71122741699219,50265400.0
2021-01-19,57.939998626708984,58.34000015258789,57.099998474121094,57.9900016784668,55.100799560546875,35647100.0
2021-01-20,58.2400016784668,59.220001220703125,58.09000015258789,58.66999816894531,55.746917724609375,28701300.0
2021-01-21,59.040000915527344,63.95000076293945,58.220001220703125,62.459999084472656,59.34808349609375,86519500.0
2021-01-22,58.849998474121094,59.619998931884766,56.650001525878906,56.65999984741211,53.837059020996094,85729300.0
2021-01-25,56.380001068115234,56.5,54.060001373291016,55.439998626708984,52.67784118652344,61968500.0
2021-01-26,55.279998779296875,56.20000076293945,54.849998474121094,55.209999084472656,52.45930480957031,31485900.0
2021-01-27,54.61000061035156,54.849998474121094,53.29999923706055,53.59000015258789,50.92001724243164,49722900.0
2021-01-28,54.790000915527344,57.400001525878906,54.70000076293945,56.06999969482422,53.27645492553711,49202600.0
2021-01-29,55.97999954223633,57.15999984741211,55.36000061035156,55.5099983215332,52.744354248046875,37256200.0
2021-02-01,55.95000076293945,57.38999938964844,55.709999084472656,56.689998626708984,53.86556625366211,26926600.0
2021-02-02,57.189998626708984,58.279998779296875,56.880001068115234,58.0,55.11029815673828,23580900.0
2021-02-03,57.88999938964844,58.33000183105469,57.380001068115234,57.68000030517578,54.80624008178711,21893200.0
2021-02-04,57.61000061035156,58.880001068115234,57.189998626708984,58.790000915527344,56.20001220703125,29853800.0
2021-02-05,59.0,59.08000183105469,58.119998931884766,58.18000030517578,55.616886138916016,23432600.0
2021-02-08,58.380001068115234,59.220001220703125,57.95000076293945,59.15999984741211,56.5537109375,34358300.0
2021-02-09,58.77000045776367,59.310001373291016,57.939998626708984,58.779998779296875,56.190452575683594,28754100.0
2021-02-10,59.29999923706055,59.41999816894531,58.119998931884766,58.86000061035156,56.26692199707031,16325100.0
2021-02-11,59.099998474121094,60.9900016784668,58.86000061035156,60.65999984741211,57.98762893676758,27539100.0
2021-02-12,60.599998474121094,62.5099983215332,60.43000030517578,61.810001373291016,59.08696746826172,26214200.0
2021-02-16,62.0,62.869998931884766,61.70000076293945,62.470001220703125,59.71788787841797,26326300.0
2021-02-17,61.4900016784668,62.189998626708984,61.209999084472656,61.849998474121094,59.12519836425781,21055400.0
2021-02-18,60.650001525878906,61.97999954223633,60.63999938964844,61.61000061035156,58.89577865600586,17846100.0
2021-02-19,61.90999984741211,63.2599983215332,61.849998474121094,63.0099983215332,60.234100341796875,28290100.0
2021-02-22,61.880001068115234,62.70000076293945,60.65999984741211,60.709999084472656,58.03542709350586,32288200.0
2021-02-23,60.47999954223633,61.5,59.16999816894531,61.119998931884766,58.42736053466797,27374600.0
2021-02-24,60.529998779296875,63.279998779296875,60.380001068115234,63.189998626708984,60.406166076660156,24669900.0
2021-02-25,62.40999984741211,63.540000915527344,60.130001068115234,60.400001525878906,57.73908233642578,36394000.0
2021-02-26,60.88999938964844,61.689998626708984,59.68000030517578,60.779998779296875,58.10234069824219,38216800.0
2021-03-01,61.720001220703125,63.08000183105469,61.650001525878906,62.880001068115234,60.109825134277344,28495400.0
2021-03-02,62.79999923706055,63.13999938964844,61.11000061035156,61.2400016784668,58.54207992553711,23320000.0
2021-03-03,60.63999938964844,61.52000045776367,59.70000076293945,59.900001525878906,57.2611083984375,28740400.0
2021-03-04,59.83000183105469,60.2400016784668,57.90999984741211,58.33000183105469,55.760276794433594,40210400.0
2021-03-05,59.2599983215332,61.18000030517578,58.5099983215332,60.7400016784668,58.06410598754883,39511700.0
2021-03-08,60.470001220703125,61.70000076293945,59.720001220703125,59.849998474121094,57.21331024169922,33112400.0
2021-03-09,61.18000030517578,63.16999816894531,60.84000015258789,62.66999816894531,59.90907287597656,36387500.0
2021-03-10,63.220001220703125,64.12000274658203,62.130001068115234,62.25,59.5075798034668,27160300.0
2021-03-11,62.939998626708984,64.08999633789062,62.38999938964844,63.310001373291016,60.52088165283203,30701800.0
2021-03-12,62.650001525878906,63.29999923706055,62.2400016784668,62.900001525878906,60.12894821166992,20173000.0
2021-03-15,63.61000061035156,63.880001068115234,62.47999954223633,63.790000915527344,60.979736328125,21247400.0
2021-03-16,64.1500015258789,65.7300033569336,64.08000183105469,64.77999877929688,61.92612075805664,30186600.0
2021-03-17,64.22000122070312,66.29000091552734,63.709999084472656,65.77999877929688,62.88206481933594,32394700.0
2021-03-18,65.62999725341797,65.69999694824219,63.650001525878906,63.72999954223633,60.92237854003906,30094200.0
2021-03-19,63.18000030517578,64.98999786376953,62.91999816894531,63.7599983215332,60.95105743408203,54951700.0
2021-03-22,64.81999969482422,66.37999725341797,64.55999755859375,65.62999725341797,62.738670349121094,34380100.0
2021-03-23,66.0,66.05000305175781,63.16999816894531,63.47999954223633,60.683387756347656,35160000.0
2021-03-24,66.58000183105469,67.44000244140625,61.9900016784668,62.040000915527344,59.30683135986328,74584700.0
2021-03-25,61.65999984741211,62.439998626708984,60.97999954223633,62.02000045776367,59.287715911865234,35401400.0
2021-03-26,61.79999923706055,64.97000122070312,61.77000045776367,64.87000274658203,62.01216506958008,34705800.0
2021-03-29,64.01000213623047,65.12999725341797,63.61000061035156,64.5,61.65845489501953,26161600.0
2021-03-30,63.77000045776367,64.0,63.150001525878906,63.77000045776367,60.96061706542969,20709500.0
2021-03-31,64.01000213623047,64.48999786376953,63.58000183105469,64.0,61.180484771728516,33013200.0
2021-04-01,64.72000122070312,64.88999938964844,63.58000183105469,64.55000305175781,61.706260681152344,31416300.0
2021-04-05,64.94999694824219,66.73999786376953,64.69999694824219,66.54000091552734,63.60859298706055,27947500.0
2021-04-06,66.05999755859375,66.58000183105469,65.29000091552734,65.55999755859375,62.671756744384766,28771400.0
2021-04-07,65.66999816894531,66.56999969482422,65.36000061035156,66.25,63.331356048583984,17793300.0
2021-04-08,66.97000122070312,67.29000091552734,66.36000061035156,67.05000305175781,64.09611511230469,22224200.0
2021-04-09,66.80000305175781,68.4000015258789,66.62999725341797,68.26000213623047,65.2528076171875,27177100.0
2021-04-12,68.19999694824219,68.48999786376953,64.70999908447266,65.41000366210938,62.52837371826172,51266900.0
2021-04-13,65.61000061035156,65.62999725341797,64.20999908447266,65.22000122070312,62.346744537353516,26822000.0
2021-04-14,65.30999755859375,65.37999725341797,63.84000015258789,64.19000244140625,61.36211395263672,25768400.0
2021-04-15,63.970001220703125,65.22000122070312,63.68000030517578,65.0199966430664,62.155548095703125,24927700.0
2021-04-16,65.33000183105469,65.5199966430664,64.56999969482422,64.75,61.89744186401367,24625500.0
2021-04-19,64.69999694824219,64.73999786376953,63.06999969482422,63.630001068115234,60.826786041259766,23997700.0
2021-04-20,63.63999938964844,63.7599983215332,62.40999984741211,62.70000076293945,59.93775177001953,19872100.0
2021-04-21,62.790000915527344,63.779998779296875,62.29999923706055,63.70000076293945,60.893707275390625,24364200.0
2021-04-22,63.349998474121094,63.90999984741211,62.279998779296875,62.56999969482422,59.813480377197266,38257600.0
2021-04-23,59.15999984741211,60.0,57.900001525878906,59.2400016784668,56.63018798828125,77479500.0
2021-04-26,59.099998474121094,59.52000045776367,58.459999084472656,58.7599983215332,56.17132568359375,39645900.0
2021-04-27,58.560001373291016,58.630001068115234,57.77000045776367,57.970001220703125,55.416133880615234,38167700.0
2021-04-28,57.52000045776367,58.15999984741211,57.150001525878906,57.619998931884766,55.08155059814453,30387400.0
2021-04-29,57.880001068115234,58.29999923706055,57.470001220703125,58.279998779296875,55.71247482299805,23290600.0
2021-04-30,57.61000061035156,58.43000030517578,57.06999969482422,57.529998779296875,54.99551773071289,30731800.0
2021-05-03,57.86000061035156,57.880001068115234,56.84000015258789,57.2599983215332,54.73741149902344,22281700.0
2021-05-04,56.880001068115234,56.97999954223633,55.810001373291016,56.900001525878906,54.393272399902344,35323600.0
2021-05-05,56.959999084472656,57.29999923706055,56.459999084472656,56.849998474121094,54.34547424316406,21001900.0
2021-05-06,56.619998931884766,57.25,56.25,57.189998626708984,55.00721740722656,25529300.0
2021-05-07,57.70000076293945,58.0099983215332,57.2400016784668,57.66999816894531,55.46889877319336,19959000.0
2021-05-10,57.150001525878906,57.22999954223633,55.880001068115234,55.970001220703125,53.83378219604492,35046500.0
2021-05-11,55.04999923706055,55.630001068115234,54.29999923706055,55.040000915527344,52.93928146362305,35968100.0
2021-05-12,54.38999938964844,54.650001525878906,53.41999816894531,53.619998931884766,51.5734748840332,30232300.0
2021-05-13,54.040000915527344,54.38999938964844,53.459999084472656,54.0099983215332,51.94858932495117,29192500.0
2021-05-14,54.599998474121094,55.849998474121094,54.2599983215332,55.349998474121094,53.23744583129883,28158300.0
2021-05-17,55.290000915527344,55.88999938964844,54.7599983215332,55.33000183105469,53.21821212768555,20010200.0
2021-05-18,55.95000076293945,56.13999938964844,54.79999923706055,54.84000015258789,52.746910095214844,18703400.0
2021-05-19,54.06999969482422,55.43000030517578,53.84000015258789,55.36000061035156,53.24706268310547,23769700.0
2021-05-20,55.56999969482422,56.2400016784668,55.36000061035156,55.95000076293945,53.81454849243164,23145200.0
2021-05-21,56.41999816894531,56.709999084472656,55.97999954223633,56.08000183105469,53.9395866394043,17723100.0
2021-05-24,56.650001525878906,57.38999938964844,56.400001525878906,56.959999084472656,54.78599548339844,19164400.0
2021-05-25,57.560001373291016,57.560001373291016,56.41999816894531,56.869998931884766,54.69942855834961,22309900.0
2021-05-26,57.04999923706055,57.22999954223633,56.59000015258789,56.91999816894531,54.74752426147461,15173600.0
2021-05-27,57.11000061035156,57.880001068115234,57.0,57.72999954223633,55.526607513427734,32387600.0
2021-05-28,57.54999923706055,57.650001525878906,56.939998626708984,57.119998931884766,54.93988800048828,20303900.0
2021-06-01,57.61000061035156,57.81999969482422,56.59000015258789,56.88999938964844,54.718666076660156,20326400.0
2021-06-02,56.90999984741211,57.689998626708984,56.7599983215332,57.47999954223633,55.28615188598633,18483600.0
2021-06-03,56.97999954223633,57.099998474121094,56.09000015258789,56.2400016784668,54.09347915649414,21831300.0
2021-06-04,56.54999923706055,57.75,56.540000915527344,57.369998931884766,55.18035125732422,21493800.0
2021-06-07,57.40999984741211,57.439998626708984,56.779998779296875,57.09000015258789,54.911033630371094,17364400.0
2021-06-08,57.45000076293945,57.63999938964844,56.599998474121094,57.0,54.82447052001953,33254500.0
2021-06-09,57.36000061035156,57.47999954223633,56.970001220703125,57.0,54.82447052001953,13904800.0
2021-06-10,57.150001525878906,58.029998779296875,56.93000030517578,57.380001068115234,55.18996810913086,26738100.0
2021-06-11,57.470001220703125,57.939998626708984,56.95000076293945,57.849998474121094,55.642024993896484,18119700.0
2021-06-14,58.02000045776367,58.20000076293945,57.22999954223633,58.189998626708984,55.96904754638672,21784500.0
2021-06-15,58.209999084472656,58.41999816894531,57.79999923706055,57.9900016784668,55.77668380737305,20806500.0
2021-06-16,58.150001525878906,58.369998931884766,56.77000045776367,57.220001220703125,55.03607177734375,21879700.0
2021-06-17,57.04999923706055,57.900001525878906,56.70000076293945,57.18000030517578,54.997596740722656,21498800.0
2021-06-18,56.68000030517578,56.75,55.099998474121094,55.66999816894531,53.545230865478516,55118300.0
2021-06-21,55.75,56.040000915527344,55.369998931884766,55.869998931884766,53.73759841918945,19254600.0
2021-06-22,55.939998626708984,56.279998779296875,55.5,55.869998931884766,53.73759841918945,18682800.0
2021-06-23,55.869998931884766,55.970001220703125,55.22999954223633,55.2599983215332,53.15087890625,20287900.0
2021-06-24,55.4900016784668,56.099998474121094,55.34000015258789,56.06999969482422,53.929969787597656,21209700.0
2021-06-25,56.02000045776367,56.40999984741211,55.75,55.90999984741211,53.77607345581055,21101200.0
2021-06-28,56.36000061035156,57.72999954223633,56.34000015258789,57.47999954223633,55.28615188598633,22480900.0
2021-06-29,57.54999923706055,57.83000183105469,55.880001068115234,56.75,54.58401107788086,26360000.0
2021-06-30,56.34000015258789,56.380001068115234,55.38999938964844,56.13999938964844,53.997291564941406,29891600.0
2021-07-01,56.130001068115234,56.63999938964844,55.869998931884766,56.0099983215332,53.87225341796875,24871600.0
2021-07-02,56.54999923706055,56.9900016784668,56.31999969482422,56.7599983215332,54.59363555908203,17219400.0
2021-07-06,56.91999816894531,57.0099983215332,55.70000076293945,56.09000015258789,53.9492073059082,26186600.0
2021-07-07,56.369998931884766,56.45000076293945,55.709999084472656,55.959999084472656,53.82416534423828,14857400.0
2021-07-08,55.310001373291016,55.720001220703125,54.790000915527344,55.38999938964844,53.275917053222656,19162000.0
2021-07-09,55.5099983215332,56.11000061035156,55.310001373291016,55.9900016784668,53.85301971435547,18708000.0
2021-07-12,56.2599983215332,56.7599983215332,56.11000061035156,56.72999954223633,54.56477355957031,15392800.0
2021-07-13,56.619998931884766,57.29999923706055,56.34000015258789,56.869998931884766,54.69942855834961,15716000.0
2021-07-14,57.16999816894531,57.459999084472656,56.33000183105469,56.52000045776367,54.362789154052734,16263600.0
2021-07-15,56.400001525878906,56.400001525878906,55.56999969482422,55.810001373291016,53.679893493652344,18917000.0
2021-07-16,56.04999923706055,56.93000030517578,54.900001525878906,54.970001220703125,52.8719482421875,25263800.0
2021-07-19,54.40999984741211,54.810001373291016,53.970001220703125,54.63999938964844,52.55454635620117,27007700.0
2021-07-20,54.91999816894531,55.560001373291016,54.27000045776367,55.2400016784668,53.13164520263672,19867000.0
2021-07-21,55.18000030517578,56.279998779296875,55.0099983215332,56.22999954223633,54.083858489990234,18497200.0
2021-07-22,56.060001373291016,56.540000915527344,55.68000030517578,55.959999084472656,53.82416534423828,36691000.0
2021-07-23,54.58000183105469,54.709999084472656,52.31999969482422,53.0,50.977142333984375,67742300.0
2021-07-26,52.810001373291016,54.540000915527344,52.7599983215332,54.310001373291016,52.23714065551758,32881200.0
2021-07-27,53.119998931884766,53.20000076293945,52.310001373291016,53.18000030517578,51.1502685546875,39878000.0
2021-07-28,53.029998779296875,53.91999816894531,52.939998626708984,53.06999969482422,51.04446792602539,28478800.0
2021-07-29,53.47999954223633,54.099998474121094,53.31999969482422,53.70000076293945,51.650421142578125,16886600.0
2021-07-30,53.650001525878906,53.900001525878906,53.25,53.720001220703125,51.66966247558594,16465700.0
2021-08-02,53.9900016784668,54.470001220703125,53.540000915527344,53.68000030517578,51.631187438964844,18098100.0
2021-08-03,53.88999938964844,54.15999984741211,53.2599983215332,54.060001373291016,51.996681213378906,16375900.0
2021-08-04,54.25,54.439998626708984,53.70000076293945,53.900001525878906,51.84278869628906,17612700.0
2021-08-05,53.9900016784668,54.02000045776367,53.58000183105469,53.88999938964844,52.16999816894531,15310000.0
2021-08-06,53.86000061035156,54.130001068115234,53.72999954223633,53.91999816894531,52.19904327392578,19256000.0
2021-08-09,54.08000183105469,54.40999984741211,53.83000183105469,54.04999923706055,52.324893951416016,14670100.0
2021-08-10,54.2400016784668,54.38999938964844,53.5099983215332,53.939998626708984,52.21839904785156,16215700.0
2021-08-11,54.2599983215332,54.36000061035156,53.84000015258789,54.13999938964844,52.41202163696289,18590800.0
2021-08-12,54.16999816894531,54.18000030517578,53.2599983215332,53.540000915527344,51.831172943115234,15070100.0
2021-08-13,53.5,53.560001373291016,53.060001373291016,53.4900016784668,51.78276443481445,15281100.0
2021-08-16,53.22999954223633,53.4900016784668,53.0,53.470001220703125,51.763404846191406,17690300.0
2021-08-17,53.16999816894531,53.18000030517578,52.220001220703125,52.689998626708984,51.00830078125,22014900.0
2021-08-18,52.599998474121094,53.029998779296875,52.11000061035156,52.189998626708984,50.52425765991211,15061700.0
2021-08-19,52.04999923706055,52.66999816894531,51.58000183105469,52.439998626708984,50.76627731323242,22999400.0
2021-08-20,52.15999984741211,52.380001068115234,51.41999816894531,52.0099983215332,50.35000228881836,25728300.0
2021-08-23,52.59000015258789,53.540000915527344,52.47999954223633,53.22999954223633,51.53106689453125,23976300.0
2021-08-24,53.560001373291016,53.970001220703125,53.310001373291016,53.810001373291016,52.092552185058594,20348800.0
2021-08-25,54.08000183105469,54.22999954223633,53.72999954223633,53.810001373291016,52.092552185058594,15048400.0
2021-08-26,53.75,53.75,52.970001220703125,53.130001068115234,51.43425750732422,19570000.0
2021-08-27,53.36000061035156,53.939998626708984,52.91999816894531,53.88999938964844,52.16999816894531,16525000.0
2021-08-30,54.2599983215332,54.869998931884766,53.7599983215332,53.939998626708984,52.21839904785156,14581300.0
2021-08-31,54.439998626708984,54.5,53.65999984741211,54.060001373291016,52.334571838378906,22350100.0
2021-09-01,54.11000061035156,54.15999984741211,53.529998779296875,53.66999816894531,51.95701599121094,18615000.0
2021-09-02,53.79999923706055,53.88999938964844,53.349998474121094,53.72999954223633,52.015106201171875,15869500.0
2021-09-03,53.439998626708984,54.08000183105469,53.31999969482422,53.5099983215332,51.802127838134766,13456200.0
2021-09-07,53.56999969482422,53.95000076293945,53.439998626708984,53.650001525878906,51.937660217285156,13915000.0
2021-09-08,53.72999954223633,53.91999816894531,52.9900016784668,53.56999969482422,51.8602180480957,18235100.0
2021-09-09,53.65999984741211,53.88999938964844,53.34000015258789,53.400001525878906,51.695640563964844,13495800.0
2021-09-10,53.849998474121094,54.97999954223633,53.810001373291016,53.84000015258789,52.1215934753418,20324700.0
2021-09-13,54.61000061035156,55.4900016784668,54.40999984741211,54.9900016784668,53.234893798828125,22639200.0
2021-09-14,55.369998931884766,55.439998626708984,54.27000045776367,54.52000045776367,52.7798957824707,22072700.0
2021-09-15,54.66999816894531,55.150001525878906,54.41999816894531,55.119998931884766,53.36073684692383,18796200.0
2021-09-16,54.86000061035156,54.95000076293945,54.2400016784668,54.83000183105469,53.07999801635742,19863100.0
2021-09-17,54.59000015258789,54.59000015258789,53.66999816894531,54.2599983215332,52.5281867980957,35359200.0
2021-09-20,53.209999084472656,53.5,52.31999969482422,52.97999954223633,51.28904342651367,35051900.0
2021-09-21,53.20000076293945,53.45000076293945,52.83000183105469,52.869998931884766,51.182552337646484,17968900.0
2021-09-22,53.400001525878906,53.869998931884766,53.0,53.5,51.792442321777344,18594100.0
2021-09-23,53.75,54.29999923706055,53.599998474121094,54.029998779296875,52.3055305480957,16474300.0
2021-09-24,53.779998779296875,54.41999816894531,53.72999954223633,54.220001220703125,52.48946762084961,12976200.0
2021-09-27,53.939998626708984,54.869998931884766,53.81999969482422,54.65999984741211,52.91542053222656,13899900.0
2021-09-28,54.18000030517578,54.59000015258789,53.959999084472656,54.0,52.276485443115234,24691300.0
2021-09-29,54.0,54.04999923706055,53.18000030517578,53.4900016784668,51.78276443481445,20514300.0
2021-09-30,53.7599983215332,53.97999954223633,53.2599983215332,53.279998779296875,51.5794677734375,20534100.0
2021-10-01,53.650001525878906,54.11000061035156,53.04999923706055,53.86000061035156,52.140960693359375,19895100.0
2021-10-04,53.93000030517578,54.33000183105469,53.08000183105469,53.470001220703125,51.763404846191406,27353300.0
2021-10-05,53.54999923706055,54.34000015258789,53.47999954223633,53.95000076293945,52.228084564208984,18129400.0
2021-10-06,53.47999954223633,54.06999969482422,53.06999969482422,53.97999954223633,52.25712585449219,20059600.0
2021-10-07,54.31999969482422,54.9900016784668,54.119998931884766,54.18000030517578,52.450740814208984,20704400.0
2021-10-08,54.54999923706055,54.58000183105469,53.70000076293945,53.810001373291016,52.092552185058594,16068000.0
2021-10-11,53.810001373291016,54.40999984741211,53.41999816894531,53.439998626708984,51.73435974121094,14398800.0
2021-10-12,53.56999969482422,53.720001220703125,52.0099983215332,52.16999816894531,50.5048942565918,32784300.0
2021-10-13,52.380001068115234,52.58000183105469,51.869998931884766,52.2599983215332,50.59202194213867,18534000.0
2021-10-14,52.900001525878906,54.0,52.72999954223633,53.900001525878906,52.179683685302734,26586700.0
2021-10-15,54.20000076293945,54.4900016784668,53.810001373291016,54.459999084472656,52.7218017578125,25231100.0
2021-10-18,54.189998626708984,54.560001373291016,53.720001220703125,54.470001220703125,52.73148727416992,22407600.0
2021-10-19,54.630001068115234,55.220001220703125,54.369998931884766,55.209999084472656,53.44786834716797,18392900.0
2021-10-20,55.25,55.4900016784668,55.08000183105469,55.369998931884766,53.60276412963867,16850300.0
2021-10-21,54.93000030517578,56.06999969482422,54.83000183105469,56.0,54.21265411376953,38390900.0
2021-10-22,50.38999938964844,50.54999923706055,49.13999938964844,49.459999084472656,47.88138961791992,109971900.0
2021-10-25,49.83000183105469,50.06999969482422,49.310001373291016,49.40999984741211,47.83298873901367,43178800.0
2021-10-26,49.400001525878906,49.439998626708984,47.93000030517578,48.279998779296875,46.73905563354492,68405400.0
2021-10-27,48.52000045776367,48.81999969482422,47.869998931884766,47.88999938964844,46.36150360107422,41081500.0
2021-10-28,48.13999938964844,48.36000061035156,47.880001068115234,48.08000183105469,46.545440673828125,31317200.0
2021-10-29,48.099998474121094,49.279998779296875,47.91999816894531,49.0,47.43606948852539,42301000.0
2021-11-01,49.400001525878906,49.599998474121094,49.0,49.54999923706055,47.9685173034668,28013700.0
2021-11-02,49.61000061035156,49.900001525878906,49.22999954223633,49.86000061035156,48.26862335205078,27193300.0
2021-11-03,49.93000030517578,50.45000076293945,49.709999084472656,50.38999938964844,48.781707763671875,23962100.0
2021-11-04,50.2400016784668,50.349998474121094,49.72999954223633,50.310001373291016,49.0429573059082,24806000.0
2021-11-05,50.54999923706055,51.58000183105469,50.540000915527344,50.91999816894531,49.63759231567383,36816200.0
2021-11-08,51.459999084472656,51.9900016784668,51.060001373291016,51.54999923706055,50.251731872558594,31647800.0
2021-11-09,51.540000915527344,51.77000045776367,50.77000045776367,51.20000076293945,49.910545349121094,22508400.0
2021-11-10,50.97999954223633,51.38999938964844,50.709999084472656,50.7599983215332,49.481624603271484,25040700.0
2021-11-11,51.0099983215332,51.06999969482422,50.40999984741211,50.529998779296875,49.257415771484375,25420000.0
2021-11-12,50.599998474121094,50.900001525878906,50.18000030517578,50.310001373291016,49.0429573059082,23884800.0
2021-11-15,50.40999984741211,50.630001068115234,50.119998931884766,50.31999969482422,49.052703857421875,24695800.0
2021-11-16,50.369998931884766,51.150001525878906,50.34000015258789,50.61000061035156,49.33540344238281,30927800.0
2021-11-17,50.599998474121094,50.939998626708984,49.97999954223633,50.22999954223633,48.96497344970703,23546900.0
2021-11-18,50.2400016784668,50.2400016784668,48.970001220703125,49.68000030517578,48.42882537841797,30658200.0
2021-11-19,49.599998474121094,49.72999954223633,49.2400016784668,49.52000045776367,48.27285385131836,27607600.0
2021-11-22,49.54999923706055,50.849998474121094,49.40999984741211,49.83000183105469,48.575050354003906,33389600.0
2021-11-23,50.15999984741211,50.45000076293945,48.63999938964844,49.099998474121094,47.863433837890625,44713300.0
2021-11-24,48.86000061035156,49.779998779296875,48.630001068115234,49.7599983215332,48.506805419921875,26035800.0
2021-11-26,48.900001525878906,49.18000030517578,48.119998931884766,48.779998779296875,47.551490783691406,25269000.0
2021-11-29,49.29999923706055,50.130001068115234,48.720001220703125,50.0,48.74076843261719,31478900.0
2021-11-30,49.5,50.400001525878906,48.68000030517578,49.20000076293945,47.96091842651367,49460800.0
2021-12-01,49.84000015258789,50.310001373291016,48.52000045776367,48.599998474121094,47.37602615356445,35093500.0
2021-12-02,48.61000061035156,49.790000915527344,48.33000183105469,49.5,48.253360748291016,37240800.0
2021-12-03,49.68000030517578,50.060001373291016,48.7599983215332,49.25,48.00965881347656,32224900.0
2021-12-06,49.47999954223633,51.209999084472656,49.18000030517578,50.9900016784668,49.70583724975586,40336000.0
2021-12-07,54.65999984741211,55.0,52.209999084472656,52.56999969482422,51.24604034423828,91731500.0
2021-12-08,52.56999969482422,52.880001068115234,51.380001068115234,51.75,50.446693420410156,37143400.0
2021-12-09,51.29999923706055,51.59000015258789,50.43000030517578,50.47999954223633,49.208675384521484,31694200.0
2021-12-10,50.84000015258789,51.06999969482422,50.04999923706055,50.59000015258789,49.3159065246582,23783600.0
2021-12-13,50.849998474121094,51.02000045776367,49.95000076293945,50.0,48.74076843261719,35726900.0
2021-12-14,49.81999969482422,50.27000045776367,49.31999969482422,49.70000076293945,48.44832229614258,34120400.0
2021-12-15,49.869998931884766,50.779998779296875,49.33000183105469,50.66999816894531,49.393890380859375,32590300.0
2021-12-16,50.7400016784668,51.400001525878906,50.58000183105469,50.83000183105469,49.54986572265625,33132300.0
2021-12-17,50.59000015258789,51.02000045776367,50.0099983215332,50.619998931884766,49.345149993896484,50102300.0
2021-12-20,49.90999984741211,50.130001068115234,48.959999084472656,49.599998474121094,48.35083770751953,30140300.0
2021-12-21,49.939998626708984,50.84000015258789,49.939998626708984,50.77000045776367,49.49137496948242,31956300.0
2021-12-22,50.63999938964844,51.02000045776367,50.209999084472656,50.970001220703125,49.686336517333984,23307900.0
2021-12-23,51.08000183105469,51.72999954223633,51.04999923706055,51.310001373291016,50.01777648925781,25198200.0
2021-12-27,51.349998474121094,52.060001373291016,51.29999923706055,51.939998626708984,50.63190841674805,20985400.0
2021-12-28,51.93000030517578,52.119998931884766,51.630001068115234,51.7599983215332,50.456443786621094,19290400.0
2021-12-29,51.810001373291016,52.13999938964844,51.65999984741211,51.83000183105469,50.524681091308594,14174800.0
2021-12-30,51.91999816894531,52.13999938964844,51.650001525878906,51.7400016784668,50.436946868896484,18359400.0
2021-12-31,51.88999938964844,52.15999984741211,51.459999084472656,51.5,50.2029914855957,16319000.0
2022-01-03,51.650001525878906,53.22999954223633,51.599998474121094,53.209999084472656,51.86992645263672,33857600.0
2022-01-04,53.56999969482422,53.939998626708984,52.650001525878906,53.13999938964844,51.80168914794922,45681400.0
2022-01-05,54.189998626708984,56.16999816894531,53.83000183105469,53.869998931884766,52.513301849365234,59109300.0
2022-01-06,54.61000061035156,54.66999816894531,53.41999816894531,54.0099983215332,52.649776458740234,35757900.0
2022-01-07,54.189998626708984,54.38999938964844,53.150001525878906,53.439998626708984,52.09413146972656,30717200.0
2022-01-10,53.970001220703125,55.310001373291016,53.310001373291016,55.209999084472656,53.81955337524414,49260800.0
2022-01-11,55.5,56.08000183105469,54.72999954223633,55.90999984741211,54.50192642211914,39795200.0
2022-01-12,56.13999938964844,56.279998779296875,54.810001373291016,55.7400016784668,54.33620834350586,29136800.0
2022-01-13,56.0,56.209999084472656,54.77000045776367,54.939998626708984,53.55635070800781,29605400.0
2022-01-14,54.849998474121094,55.77000045776367,54.529998779296875,55.70000076293945,54.29721450805664,30151500.0
2022-01-18,55.310001373291016,55.650001525878906,54.68000030517578,54.7599983215332,53.38088607788086,35313800.0
2022-01-19,54.630001068115234,54.849998474121094,53.560001373291016,53.619998931884766,52.269596099853516,30595100.0
2022-01-20,53.86000061035156,54.09000015258789,51.939998626708984,52.040000915527344,50.729393005371094,28582600.0
2022-01-21,52.08000183105469,53.130001068115234,51.95000076293945,52.040000915527344,50.729393005371094,46372400.0
2022-01-24,51.47999954223633,52.130001068115234,49.880001068115234,51.939998626708984,50.63190841674805,64198400.0
2022-01-25,51.0099983215332,51.619998931884766,50.25,51.0,49.71558380126953,44095400.0
2022-01-26,51.130001068115234,52.720001220703125,50.75,51.689998626708984,50.38820266723633,54895400.0
2022-01-27,49.97999954223633,50.060001373291016,47.779998779296875,48.04999923706055,46.83987808227539,89642800.0
2022-01-28,47.709999084472656,48.20000076293945,46.29999923706055,47.72999954223633,46.52793502807617,61945400.0
2022-01-31,47.68000030517578,48.869998931884766,47.310001373291016,48.81999969482422,47.590484619140625,51828400.0
2022-02-01,48.779998779296875,49.029998779296875,48.36000061035156,48.95000076293945,47.71721649169922,35386100.0
2022-02-02,48.25,49.58000183105469,48.09000015258789,49.5099983215332,48.26310348510742,37962700.0
2022-02-03,49.25,49.689998626708984,48.25,48.279998779296875,47.064083099365234,42145800.0
2022-02-04,47.86000061035156,48.2400016784668,47.130001068115234,48.0099983215332,47.15739822387695,32431500.0
2022-02-07,48.130001068115234,48.65999984741211,47.959999084472656,48.18000030517578,47.324378967285156,27558500.0
2022-02-08,47.97999954223633,48.939998626708984,47.900001525878906,48.810001373291016,47.94319152832031,28051200.0
2022-02-09,49.33000183105469,49.970001220703125,48.83000183105469,49.90999984741211,49.02365493774414,35217300.0
2022-02-10,49.18000030517578,49.93000030517578,48.7599983215332,48.86000061035156,47.992305755615234,32762700.0
2022-02-11,48.95000076293945,49.11000061035156,47.5,47.630001068115234,46.78414535522461,37208200.0
2022-02-14,47.91999816894531,48.18000030517578,47.11000061035156,47.58000183105469,46.73503494262695,28456900.0
2022-02-15,47.70000076293945,48.459999084472656,47.189998626708984,48.439998626708984,47.57975769042969,35837900.0
2022-02-16,48.060001373291016,48.4900016784668,47.599998474121094,48.22999954223633,47.37348937988281,26022900.0
2022-02-17,47.86000061035156,48.2599983215332,47.380001068115234,47.56999969482422,46.72521209716797,32030600.0
2022-02-18,46.189998626708984,46.209999084472656,44.5099983215332,45.040000915527344,44.240142822265625,76520100.0
2022-02-22,44.689998626708984,45.40999984741211,43.849998474121094,44.689998626708984,43.89635467529297,57093300.0
2022-02-23,45.16999816894531,45.709999084472656,44.54999923706055,44.650001525878906,43.85707092285156,38176700.0
2022-02-24,43.900001525878906,46.790000915527344,43.630001068115234,46.720001220703125,45.89030838012695,72740100.0
2022-02-25,46.93000030517578,47.790000915527344,46.25,47.709999084472656,46.86272430419922,39266300.0
2022-02-28,47.0,47.81999969482422,46.849998474121094,47.70000076293945,46.8529052734375,41946100.0
2022-03-01,47.540000915527344,47.900001525878906,46.220001220703125,46.81999969482422,45.98853302001953,53853000.0
2022-03-02,47.52000045776367,48.9900016784668,47.47999954223633,48.869998931884766,48.00212478637695,46936500.0
2022-03-03,48.18000030517578,48.54999923706055,47.619998931884766,47.93000030517578,47.078819274902344,36389900.0
2022-03-04,47.369998931884766,48.27000045776367,47.369998931884766,48.06999969482422,47.21633529663086,38310700.0
2022-03-07,48.0099983215332,48.540000915527344,47.599998474121094,47.68000030517578,46.833255767822266,43813700.0
2022-03-08,47.689998626708984,48.720001220703125,46.88999938964844,47.5,46.656455993652344,44813900.0
2022-03-09,48.40999984741211,48.459999084472656,46.88999938964844,47.630001068115234,46.78414535522461,36076500.0
2022-03-10,47.290000915527344,47.310001373291016,46.15999984741211,46.65999984741211,45.83137130737305,36456000.0
2022-03-11,47.150001525878906,47.279998779296875,45.77000045776367,45.83000183105469,45.01611328125,27082100.0
2022-03-14,45.900001525878906,45.97999954223633,44.29999923706055,44.400001525878906,43.611507415771484,35993900.0
2022-03-15,44.5,44.900001525878906,44.06999969482422,44.810001373291016,44.01422882080078,34448900.0
2022-03-16,45.29999923706055,46.630001068115234,45.27000045776367,46.630001068115234,45.80190658569336,38885500.0
2022-03-17,46.31999969482422,47.290000915527344,45.72999954223633,47.13999938964844,46.3028450012207,28555000.0
2022-03-18,46.81999969482422,47.599998474121094,46.349998474121094,47.45000076293945,46.60734558105469,46237100.0
2022-03-21,47.459999084472656,47.88999938964844,47.06999969482422,47.38999938964844,46.54840850830078,32910900.0
2022-03-22,47.5,48.470001220703125,47.400001525878906,48.38999938964844,47.53064727783203,27923300.0
2022-03-23,48.459999084472656,49.58000183105469,48.060001373291016,48.27000045776367,47.41278076171875,37126400.0
2022-03-24,48.65999984741211,51.650001525878906,48.59000015258789,51.619998931884766,50.70328903198242,51677900.0
2022-03-25,50.689998626708984,51.97999954223633,50.45000076293945,51.83000183105469,50.90956115722656,33239800.0
2022-03-28,51.36000061035156,51.56999969482422,50.560001373291016,51.5099983215332,50.59524154663086,22932400.0
2022-03-29,52.0,52.290000915527344,51.279998779296875,52.25,51.32210159301758,27303700.0
2022-03-30,52.25,52.5099983215332,51.220001220703125,51.43000030517578,50.51666259765625,24623300.0
2022-03-31,51.20000076293945,51.2599983215332,49.5099983215332,49.560001373291016,48.679874420166016,43698300.0
2022-04-01,49.83000183105469,49.900001525878906,47.33000183105469,48.11000061035156,47.25562286376953,46598600.0
2022-04-04,48.16999816894531,49.22999954223633,47.91999816894531,49.20000076293945,48.32626724243164,23784900.0
2022-04-05,48.83000183105469,48.97999954223633,48.02000045776367,48.130001068115234,47.275264739990234,25779200.0
2022-04-06,47.439998626708984,48.16999816894531,47.2400016784668,47.540000915527344,46.695743560791016,31518700.0
2022-04-07,47.43000030517578,47.90999984741211,46.77000045776367,47.560001373291016,46.71539306640625,24117000.0
2022-04-08,47.279998779296875,47.58000183105469,46.849998474121094,47.02000045776367,46.18498229980469,22167300.0
2022-04-11,46.900001525878906,47.29999923706055,46.529998779296875,46.56999969482422,45.74297332763672,30352500.0
2022-04-12,47.31999969482422,47.90999984741211,46.40999984741211,46.5,45.67421340942383,29861400.0
2022-04-13,46.75,47.27000045776367,46.54999923706055,47.0099983215332,46.17515563964844,22171300.0
2022-04-14,46.75,46.75,45.619998931884766,45.66999816894531,44.858951568603516,36181800.0
2022-04-18,45.529998779296875,46.88999938964844,45.52000045776367,46.63999938964844,45.81172561645508,25593100.0
2022-04-19,46.599998474121094,48.0,46.34000015258789,47.93000030517578,47.078819274902344,31483100.0
2022-04-20,48.36000061035156,48.75,47.97999954223633,48.11000061035156,47.25562286376953,22787100.0
2022-04-21,48.619998931884766,48.900001525878906,47.400001525878906,47.5,46.656455993652344,27316900.0
2022-04-22,47.45000076293945,47.650001525878906,46.5,46.540000915527344,45.713504791259766,28219900.0
2022-04-25,46.209999084472656,47.13999938964844,46.18000030517578,47.060001373291016,46.22426986694336,35999300.0
2022-04-26,46.689998626708984,46.84000015258789,45.5099983215332,45.52000045776367,44.71162033081055,35356600.0
2022-04-27,45.47999954223633,46.060001373291016,45.0099983215332,45.220001220703125,44.41694641113281,28320900.0
2022-04-28,45.790000915527344,47.27000045776367,45.540000915527344,46.84000015258789,46.008174896240234,41097000.0
2022-04-29,44.9900016784668,45.36000061035156,43.5,43.59000015258789,42.81589126586914,70765900.0
2022-05-02,43.720001220703125,44.9900016784668,43.5099983215332,44.959999084472656,44.161563873291016,45446500.0
2022-05-03,44.790000915527344,45.4900016784668,44.22999954223633,45.060001373291016,44.259788513183594,40158400.0
2022-05-04,45.060001373291016,46.63999938964844,44.40999984741211,46.540000915527344,45.713504791259766,44625600.0
2022-05-05,45.599998474121094,45.90999984741211,44.130001068115234,44.599998474121094,44.15424346923828,52996700.0
2022-05-06,44.4900016784668,45.150001525878906,43.84000015258789,44.29999923706055,43.857242584228516,40916600.0
2022-05-09,43.810001373291016,44.20000076293945,42.869998931884766,43.06999969482422,42.6395378112793,44925800.0
2022-05-10,44.349998474121094,44.7400016784668,43.5,44.0099983215332,43.57014083862305,42770000.0
2022-05-11,44.02000045776367,44.290000915527344,42.779998779296875,42.83000183105469,42.40193557739258,40351700.0
2022-05-12,42.72999954223633,42.90999984741211,42.0099983215332,42.84000015258789,42.411834716796875,42329600.0
2022-05-13,43.41999816894531,43.84000015258789,42.970001220703125,43.599998474121094,43.16423797607422,32034100.0
2022-05-16,43.41999816894531,43.61000061035156,42.790000915527344,43.08000183105469,42.649436950683594,25071900.0
2022-05-17,43.81999969482422,44.41999816894531,43.650001525878906,44.400001525878906,43.95624542236328,28596600.0
2022-05-18,43.97999954223633,43.97999954223633,42.220001220703125,42.349998474121094,41.92673110961914,35218400.0
2022-05-19,42.31999969482422,42.70000076293945,41.720001220703125,42.0099983215332,41.59012985229492,29181000.0
2022-05-20,42.25,42.290000915527344,40.310001373291016,41.650001525878906,41.23373031616211,44802300.0
2022-05-23,41.689998626708984,42.25,41.33000183105469,42.0,41.580230712890625,27199500.0
2022-05-24,41.70000076293945,41.88999938964844,41.099998474121094,41.66999816894531,41.2535285949707,29837500.0
2022-05-25,41.439998626708984,42.52000045776367,41.38999938964844,42.20000076293945,41.77823257446289,26283100.0
2022-05-26,42.16999816894531,43.68000030517578,42.08000183105469,43.47999954223633,43.04543685913086,28826700.0
2022-05-27,43.59000015258789,44.54999923706055,43.54999923706055,44.54999923706055,44.10474395751953,30553300.0
2022-05-31,44.25,44.75,43.650001525878906,44.41999816894531,43.976043701171875,41111500.0
2022-06-01,44.77000045776367,44.93000030517578,43.529998779296875,44.11000061035156,43.66914367675781,29885500.0
2022-06-02,44.189998626708984,44.880001068115234,43.939998626708984,44.84000015258789,44.391845703125,28727600.0
2022-06-03,44.11000061035156,44.25,43.34000015258789,43.38999938964844,42.956336975097656,33174700.0
2022-06-06,43.810001373291016,44.040000915527344,43.08000183105469,43.34000015258789,42.906837463378906,25437100.0
2022-06-07,43.060001373291016,43.59000015258789,42.65999984741211,43.529998779296875,43.09493637084961,25168700.0
2022-06-08,42.25,42.2599983215332,41.029998779296875,41.22999954223633,40.81792449951172,59649900.0
2022-06-09,41.0099983215332,41.349998474121094,40.0099983215332,40.0099983215332,39.6101188659668,39047200.0
2022-06-10,39.849998474121094,40.08000183105469,39.18000030517578,39.18000030517578,38.788414001464844,43066200.0
2022-06-13,38.54999923706055,38.810001373291016,37.66999816894531,37.77000045776367,37.39250946044922,50335900.0
2022-06-14,38.0099983215332,38.20000076293945,37.540000915527344,37.93000030517578,37.550907135009766,31351700.0
2022-06-15,38.560001373291016,39.16999816894531,37.91999816894531,38.650001525878906,38.26371383666992,37652300.0
2022-06-16,37.70000076293945,37.790000915527344,36.93000030517578,37.34000015258789,36.96680450439453,45576500.0
2022-06-17,37.47999954223633,38.119998931884766,36.599998474121094,36.970001220703125,36.60050582885742,71393200.0
2022-06-21,37.36000061035156,38.029998779296875,37.33000183105469,37.72999954223633,37.3529052734375,34004900.0
2022-06-22,37.33000183105469,37.77000045776367,37.220001220703125,37.380001068115234,37.006404876708984,32571000.0
2022-06-23,37.61000061035156,37.619998931884766,36.90999984741211,37.40999984741211,37.03610610961914,30163000.0
2022-06-24,37.849998474121094,38.63999938964844,37.7400016784668,38.61000061035156,38.22411346435547,38159900.0
2022-06-27,38.869998931884766,39.060001373291016,38.470001220703125,38.630001068115234,38.24391174316406,29585300.0
2022-06-28,38.58000183105469,39.02000045776367,37.7400016784668,37.779998779296875,37.40240478515625,37824200.0
2022-06-29,37.540000915527344,37.599998474121094,37.02000045776367,37.290000915527344,36.91730499267578,25437200.0
2022-06-30,37.209999084472656,38.0,36.72999954223633,37.40999984741211,37.03610610961914,35141000.0
2022-07-01,37.09000015258789,37.20000076293945,35.880001068115234,36.34000015258789,35.97679901123047,40596300.0
2022-07-05,35.93000030517578,36.7400016784668,35.540000915527344,36.689998626708984,36.323299407958984,33215000.0
2022-07-06,36.81999969482422,37.41999816894531,36.459999084472656,36.9900016784668,36.620304107666016,26258300.0
2022-07-07,37.88999938964844,38.33000183105469,37.72999954223633,38.13999938964844,37.75880813598633,33165400.0
2022-07-08,37.65999984741211,38.13999938964844,37.38999938964844,37.9900016784668,37.61030960083008,22566300.0
2022-07-11,37.65999984741211,37.66999816894531,37.029998779296875,37.20000076293945,36.82820510864258,25904300.0
2022-07-12,37.650001525878906,37.70000076293945,36.9900016784668,37.209999084472656,36.838104248046875,30546300.0
2022-07-13,36.68000030517578,37.43000030517578,36.619998931884766,37.209999084472656,36.838104248046875,27059200.0
2022-07-14,36.9900016784668,38.15999984741211,36.290000915527344,37.709999084472656,37.333106994628906,36690700.0
2022-07-15,38.27000045776367,38.66999816894531,37.72999954223633,38.619998931884766,38.234012603759766,32892300.0
2022-07-18,39.099998474121094,39.34000015258789,38.529998779296875,38.709999084472656,38.32311248779297,30814400.0
2022-07-19,39.31999969482422,40.72999954223633,39.2400016784668,40.220001220703125,39.818023681640625,53095300.0
2022-07-20,40.209999084472656,40.66999816894531,39.560001373291016,40.560001373291016,40.154624938964844,36387900.0
2022-07-21,40.5099983215332,40.650001525878906,39.81999969482422,40.61000061035156,40.204124450683594,29661200.0
2022-07-22,40.369998931884766,40.5099983215332,38.939998626708984,39.20000076293945,38.8082160949707,41350000.0
2022-07-25,39.279998779296875,39.40999984741211,38.54999923706055,39.15999984741211,38.76861572265625,32263400.0
2022-07-26,39.099998474121094,39.56999969482422,38.880001068115234,38.959999084472656,38.570613861083984,35925500.0
2022-07-27,39.27000045776367,40.41999816894531,39.22999954223633,40.18000030517578,39.778419494628906,42571600.0
2022-07-28,40.09000015258789,40.119998931884766,39.040000915527344,39.709999084472656,39.31311798095703,56662300.0
2022-07-29,35.599998474121094,36.619998931884766,35.2400016784668,36.310001373291016,35.94710159301758,125292400.0
2022-08-01,36.04999923706055,37.689998626708984,36.04999923706055,36.959999084472656,36.59060287475586,52513400.0
2022-08-02,36.59000015258789,36.65999984741211,36.0,36.0099983215332,35.65009689331055,53929400.0
2022-08-03,36.09000015258789,36.59000015258789,35.2599983215332,36.52000045776367,36.15500259399414,59513900.0
2022-08-04,36.0099983215332,36.099998474121094,35.36000061035156,35.65999984741211,35.65999984741211,54046300.0
2022-08-05,35.349998474121094,35.689998626708984,35.18000030517578,35.38999938964844,35.38999938964844,40205100.0
2022-08-08,35.36000061035156,35.959999084472656,35.20000076293945,35.380001068115234,35.380001068115234,41534600.0
2022-08-09,35.220001220703125,35.29999923706055,34.400001525878906,34.52000045776367,34.52000045776367,48202300.0
2022-08-10,34.9900016784668,35.400001525878906,34.59000015258789,35.369998931884766,35.369998931884766,42243300.0
2022-08-11,35.63999938964844,36.290000915527344,35.4900016784668,35.59000015258789,35.59000015258789,35569700.0
2022-08-12,35.79999923706055,36.13999938964844,35.66999816894531,36.11000061035156,36.11000061035156,37675200.0
2022-08-15,36.099998474121094,36.43000030517578,35.709999084472656,36.34000015258789,36.34000015258789,25400600.0
2022-08-16,36.15999984741211,36.58000183105469,35.70000076293945,36.189998626708984,36.189998626708984,25000200.0
2022-08-17,35.810001373291016,36.08000183105469,35.27000045776367,35.779998779296875,35.779998779296875,29176100.0
2022-08-18,35.68000030517578,36.33000183105469,35.56999969482422,36.20000076293945,36.20000076293945,24598200.0
2022-08-19,35.79999923706055,36.029998779296875,35.189998626708984,35.380001068115234,35.380001068115234,31425500.0
2022-08-22,35.0,35.060001373291016,33.72999954223633,33.84000015258789,33.84000015258789,51006100.0
2022-08-23,33.97999954223633,34.38999938964844,33.90999984741211,33.95000076293945,33.95000076293945,30687100.0
2022-08-24,33.970001220703125,33.9900016784668,33.599998474121094,33.86000061035156,33.86000061035156,25105700.0
2022-08-25,33.869998931884766,34.93000030517578,33.81999969482422,34.88999938964844,34.88999938964844,29799100.0
2022-08-26,34.95000076293945,35.029998779296875,33.349998474121094,33.36000061035156,33.36000061035156,44851500.0
2022-08-29,33.22999954223633,33.40999984741211,32.810001373291016,32.939998626708984,32.939998626708984,32976800.0
2022-08-30,33.040000915527344,33.06999969482422,32.150001525878906,32.2599983215332,32.2599983215332,40182500.0
2022-08-31,32.38999938964844,32.38999938964844,31.770000457763672,31.920000076293945,31.920000076293945,44074500.0
2022-09-01,31.56999969482422,31.829999923706055,31.1299991607666,31.760000228881836,31.760000228881836,36440700.0
2022-09-02,32.209999084472656,32.380001068115234,31.059999465942383,31.219999313354492,31.219999313354492,34871100.0
2022-09-06,31.389999389648438,31.389999389648438,30.329999923706055,30.360000610351562,30.360000610351562,46989600.0
2022-09-07,30.420000076293945,30.790000915527344,30.049999237060547,30.649999618530273,30.649999618530273,37329500.0
2022-09-08,30.3700008392334,30.850000381469727,29.90999984741211,30.75,30.75,37359500.0
2022-09-09,31.190000534057617,31.5,31.079999923706055,31.459999084472656,31.459999084472656,34069500.0
2022-09-12,31.739999771118164,31.860000610351562,31.100000381469727,31.559999465942383,31.559999465942383,38305500.0
2022-09-13,30.829999923706055,30.93000030517578,29.25,29.290000915527344,29.290000915527344,71417900.0
2022-09-14,29.549999237060547,29.770000457763672,29.010000228881836,29.18000030517578,29.18000030517578,40767200.0
2022-09-15,29.149999618530273,29.40999984741211,28.709999084472656,28.84000015258789,28.84000015258789,39919100.0
2022-09-16,28.700000762939453,29.31999969482422,28.420000076293945,29.239999771118164,29.239999771118164,72687900.0
2022-09-19,29.020000457763672,29.5,28.899999618530273,29.440000534057617,29.440000534057617,33151900.0
2022-09-20,29.06999969482422,29.170000076293945,28.709999084472656,28.959999084472656,28.959999084472656,31129000.0
2022-09-21,29.149999618530273,29.59000015258789,28.459999084472656,28.469999313354492,28.469999313354492,39977300.0
2022-09-22,28.399999618530273,28.5,28.040000915527344,28.06999969482422,28.06999969482422,36092700.0
2022-09-23,27.899999618530273,27.899999618530273,27.190000534057617,27.520000457763672,27.520000457763672,43477300.0
2022-09-26,27.559999465942383,27.700000762939453,26.860000610351562,26.969999313354492,26.969999313354492,44786400.0
2022-09-27,27.399999618530273,27.600000381469727,26.6200008392334,26.889999389648438,26.889999389648438,44121400.0
2022-09-28,26.860000610351562,27.280000686645508,26.600000381469727,27.1299991607666,27.1299991607666,40433400.0
2022-09-29,26.780000686645508,26.780000686645508,26.190000534057617,26.3799991607666,26.3799991607666,41831300.0
2022-09-30,26.299999237060547,26.56999969482422,25.739999771118164,25.770000457763672,25.770000457763672,43675100.0
2022-10-03,26.329999923706055,27.25,26.06999969482422,26.969999313354492,26.969999313354492,44096200.0
2022-10-04,27.43000030517578,27.799999237060547,27.09000015258789,27.700000762939453,27.700000762939453,42427500.0
2022-10-05,27.3700008392334,27.84000015258789,26.889999389648438,27.639999389648438,27.639999389648438,30120000.0
2022-10-06,27.440000534057617,27.760000228881836,27.0,27.18000030517578,27.18000030517578,33985100.0
2022-10-07,26.170000076293945,26.280000686645508,25.649999618530273,25.719999313354492,25.719999313354492,57167100.0
2022-10-10,25.940000534057617,25.989999771118164,25.09000015258789,25.200000762939453,25.200000762939453,43409300.0
2022-10-11,25.010000228881836,25.479999542236328,24.690000534057617,25.040000915527344,25.040000915527344,48134900.0
2022-10-12,25.049999237060547,25.520000457763672,24.65999984741211,25.329999923706055,25.329999923706055,39634100.0
2022-10-13,24.729999542236328,26.84000015258789,24.59000015258789,26.420000076293945,26.420000076293945,62429800.0
2022-10-14,26.459999084472656,26.6299991607666,25.760000228881836,26.114999771118164,26.114999771118164,23277768.0
